,ticker,end_date,summary,target
0,AMZN,2021-05-17,"2021-05-12
Summary: 
Amazon's stock (AMZN) is experiencing various market activities, including concerns about its future earnings and growth, with some analysts suggesting it may follow the same path as SQ (Square) to rapidly grow market share and generate significant earnings. Others are concerned about its ability to spend and grow without eventual profits. The stock has been trending among elite traders, and its price target has been raised to $4,175 from $3,750 at Citi with a buy rating. There are also concerns about inflation and the impact on the stock market, with Amazon being one of the overvalued stocks according to Warren Buffett's intrinsic value formula.

Keywords: 
- AMZN
- Amazon
- Earnings
- Growth
- Market share
- SQ
- Inflation
- Overvalued
- Stock market
- Price target
- Buy rating
- Trading
- Stocks
- FAANG
- Bubble
- Options
- Volume
- Sentiment
- Bitcoin
- Crypto
- Intrinsic value

Note: The summary and keywords are based on the relevant information extracted from the noisy news data.

2021-05-13
Summary: 
Amazon is hiring 75,000 employees across fulfillment and transportation with an average starting pay of over $17 per hour and sign-on bonuses of up to $1,000. The company is also expanding its relationship with Ford to create new features for hands-free highway driving technology in F-150 and Mustang Mach-E vehicles. Amazon's business is expected to boom once the COVID-19 pandemic is gone, with increased revenues and billions of dollars in COVID-19 savings. The company is also working with Lucid Motors and Zoox.

Keywords: $AMZN, Amazon, hiring, employment, fulfillment, transportation, pay, sign-on bonus, Ford, F-150, Mustang Mach-E, COVID-19, pandemic, Lucid Motors, Zoox, AWS, Media & Entertainment Initiative.

2021-05-14
Summary: The news suggests that Amazon (AMZN) stock is being discussed among traders and investors, with various mentions of its performance, technical analysis, and potential future growth. There are mentions of Amazon's hiring plans, revenue, and market performance, as well as its position in the stock market. Some of the news articles mention Amazon's competitors, such as Tesla (TSLA), Apple (AAPL), and Microsoft (MSFT), and its position in the tech industry.

Keywords: AMZN, Amazon, stock, stock market, investment, trading, tech industry, revenue, hiring, growth, Tesla, Apple, Microsoft.

Note: The news data is noisy and contains irrelevant information, such as mentions of other stocks and companies, but the above summary and keywords focus on the information related to Amazon (AMZN) stock.

2021-05-15
Summary: 
Amazon (AMZN) stock has been discussed in various tweets regarding its valuation, stock performance, and potential growth. Some analysts and traders have expressed concerns about its overvaluation, while others see it as a solid long-term investment opportunity. The stock has been compared to other companies, including Facebook (FB), Apple (AAPL), and Microsoft (MSFT), and has been mentioned alongside other popular stocks such as Tesla (TSLA), Netflix (NFLX), and Google (GOOGL).

Keywords: 
- AMZN (Amazon)
- FAANG (Facebook, Apple, Amazon, Netflix, Google)
- Valuation
- Stock performance
- Growth
- Overvaluation
- Long-term investment
- $TSLA (Tesla)
- $AAPL (Apple)
- $FB (Facebook)
- $MSFT (Microsoft)
- $NFLX (Netflix)
- $GOOGL (Google)

2021-05-16
Summary: 
$AMZN stock has been mentioned multiple times in the past 24 hours as a trending stock among elite traders, with some analysts suggesting it could be a potential target for trading. There is no specific news about AMZN's performance or financials, but its stock price has been mentioned in several tweets as a possible buy or sell opportunity.

Keywords: $AMZN, $TSLA, $AAPL, $BABA, $BTC, $FB, $DIS, $COIN, $AMC, $TWTR, $GOOGL, $MSFT, $NVDA, $GM, $SPY, $QQQ, $ETH, $XRP, $LINK, $COMP, $ADA, $UNI, $GLD, $ALGO, $REN, $VET, $UPS, $AVAX, $SNX, $CCL, $AMD, $F, $AAVE, $YFI, $SUSHI, $EGLD, $NIO, $DOT, $ENJ",Positive
1,AMZN,2021-07-26,"2021-07-21
Summary: 
Amazon (AMZN) stock has been trending upward with analysts expecting a potential pre-earnings run. Bernstein has raised its target price for AMZN to $4200 from $4000. There are discussions about Amazon's valuation, with some arguing that it is overvalued by 1,404% compared to its intrinsic value. Amazon's stock split has been mentioned, with some speculating that it could follow the example of Nvidia's stock split. The company has also been mentioned in relation to its lobbying efforts, particularly on cannabis.

Keywords: $AMZN, Amazon, stock, earnings, valuation, stock split, lobbying, cannabis, Bernstein, Nvidia, Tesla, Apple, Facebook, Google, Microsoft, Apple, Twitter, Netflix, Roku, Boeing, Tesla, AMD, AMD, Intel, Nvidia, Nio, AMD, Apple, Tesla, Amazon, Tesla, Microsoft, Facebook, Apple, Twitter, Netflix, Roku, Boeing, Tesla, AMD, Intel, Nvidia, Nio, Apple, Tesla, Amazon, Microsoft, Facebook, Apple, Twitter, Netflix, Roku, Boeing, Tesla, AMD, Intel, Nvidia, Nio, AMD, Apple, Tesla, Amazon, Microsoft, Facebook, Apple, Twitter, Netflix, Roku, Boeing, Tesla, AMD, Intel, Nvidia, Nio, Apple, Tesla, Amazon, Microsoft, Facebook, Apple, Twitter, Netflix, Roku, Boeing, Tesla, AMD, Intel, Nvidia, Nio, AMD, Apple, Tesla, Amazon, Microsoft, Facebook, Apple, Twitter, Netflix, Roku, Boeing, Tesla, AMD, Intel, Nvidia, Nio, Apple, Tesla, Amazon, Microsoft, Facebook, Apple, Twitter, Netflix, Roku, Boeing, Tesla, AMD, Intel, Nvidia, Nio, AMD, Apple, Tesla, Amazon, Microsoft, Facebook, Apple, Twitter, Netflix, Roku, Boeing, Tesla, AMD, Intel, Nvidia, Nio, Apple, Tesla, Amazon, Microsoft, Facebook, Apple, Twitter, Netflix, Roku, Boeing, Tesla, AMD, Intel, Nvidia, Nio, AMD, Apple, Tesla, Amazon, Microsoft, Facebook, Apple, Twitter, Netflix, Roku, Boeing, Tesla, AMD, Intel, Nvidia, Nio, Apple, Tesla, Amazon, Microsoft, Facebook, Apple, Twitter, Netflix, Roku, Boeing, Tesla, AMD, Intel, Nvidia, Nio, AMD, Apple, Tesla, Amazon, Microsoft, Facebook, Apple, Twitter, Netflix, Roku, Boeing, Tesla, AMD, Intel, Nvidia, Nio, Apple, Tesla, Amazon, Microsoft, Facebook, Apple, Twitter, Netflix, Roku, Boeing, Tesla, AMD, Intel, Nvidia, Nio, AMD, Apple, Tesla, Amazon, Microsoft, Facebook, Apple, Twitter, Netflix, Roku, Boeing, Tesla, AMD, Intel, Nvidia, Nio, Apple, Tesla, Amazon, Microsoft, Facebook, Apple, Twitter, Netflix, Roku, Boeing, Tesla, AMD, Intel, Nvidia, Nio, AMD, Apple, Tesla, Amazon, Microsoft, Facebook, Apple, Twitter, Netflix, Roku, Boeing, Tesla, AMD, Intel, Nvidia, Nio, Apple, Tesla, Amazon, Microsoft, Facebook, Apple, Twitter, Netflix, Roku, Boeing, Tesla, AMD, Intel, Nvidia, Nio, AMD, Apple, Tesla, Amazon, Microsoft, Facebook, Apple, Twitter, Netflix, Roku, Boeing, Tesla, AMD, Intel, Nvidia, Nio, Apple, Tesla, Amazon, Microsoft, Facebook, Apple, Twitter, Netflix, Roku, Boeing, Tesla, AMD, Intel, Nvidia, Nio, AMD, Apple, Tesla, Amazon, Microsoft, Facebook, Apple, Twitter, Netflix, Roku, Boeing, Tesla, AMD, Intel, Nvidia, Nio, Apple, Tesla, Amazon, Microsoft, Facebook, Apple, Twitter, Netflix, Roku, Boeing, Tesla, AMD, Intel, Nvidia, Nio, AMD, Apple, Tesla, Amazon, Microsoft, Facebook, Apple, Twitter, Netflix, Roku, Boeing, Tesla, AMD, Intel, Nvidia, Nio, Apple, Tesla, Amazon, Microsoft, Facebook, Apple, Twitter, Netflix, Roku, Boeing, Tesla, AMD, Intel, Nvidia, Nio, AMD, Apple, Tesla, Amazon, Microsoft, Facebook, Apple, Twitter, Netflix, Roku, Boeing, Tesla, AMD, Intel, Nvidia, Nio, Apple, Tesla, Amazon, Microsoft, Facebook, Apple, Twitter, Netflix, Roku, Boeing, Tesla, AMD, Intel, Nvidia, Nio, AMD, Apple, Tesla, Amazon, Microsoft, Facebook, Apple, Twitter, Netflix, Roku, Boeing, Tesla, AMD, Intel, Nvidia, Nio, Apple, Tesla, Amazon, Microsoft, Facebook, Apple, Twitter, Netflix, Roku, Boeing, Tesla, AMD, Intel, Nvidia, Nio, AMD, Apple, Tesla, Amazon, Microsoft, Facebook, Apple, Twitter, Netflix, Roku,

2021-07-22
Summary: 
Amazon (AMZN) stock is experiencing a mixed day, with some analysts predicting a big earnings report next week. The stock is being watched closely ahead of its earnings report, with some traders speculating that it could break above $3630, and potentially test $3656 or $3671. There are also reports of Amazon's sweepers coming in above the ask for this week's $3670 calls. Some analysts are also predicting a bullish reversal at the support level R2, and a possible break out of the ascending channel at the open. However, there are also reports of Amazon's outages, and the company is facing an investigation by India's antitrust regulator for concealing facts and making false submissions.

Keywords: 
- Amazon (AMZN)
- Earnings report
- Bullish reversal
- Ascending channel
- Outages
- Antitrust investigation
- $3630
- $3656
- $3671
- $3670 calls
- Sweepers
- India's antitrust regulator
- False submissions
- Concealing facts

Note: The news data is noisy and contains various irrelevant information, but the above summary and keywords are extracted based on the relevant information related to Amazon (AMZN) stock.

2021-07-23
Summary: 
Amazon's stock (AMZN) is expected to have a significant week ahead with its earnings report scheduled for Thursday. The company's digital currency and blockchain expert hiring is a hint at potential integration of crypto on the site. Rivian, an electric vehicle manufacturer backed by Amazon, has raised an additional $2.5 billion from Amazon's climate pledge fund, Ford, and others. The stock has been trending among elite traders, and some analysts believe it may see a decent pullback before making another leg up. Amazon's stock has been mentioned in several articles and tweets as a potential buy or a stock to watch, with some analysts even calling it the ""Amazon of China"" due to its significant market value.

Keywords: 
- AMZN
- Earnings
- Digital currency
- Blockchain
- Rivian
- Electric vehicle
- Climate pledge fund
- Ford
- Amazon Web Services
- Bitcoin
- Cryptocurrency
- Stock market
- FAANG
- Intrinsic value
- Warren Buffett
- Amazon Web Services
- E-commerce
- Retail
- Technology
- Finance
- Investing
- Stock market bubble
- FAANG bubble
- Amazon's stock performance
- Earnings report
- Rivian's funding
- Electric vehicle manufacturer
- Climate change
- Sustainability
- Green technology

Note: The summary and keywords are based on the extracted information from the given noisy data and may not be a comprehensive or entirely accurate representation of the actual news.

2021-07-24
Summary: 
Amazon (AMZN) is expected to report its earnings next week, with a predicted move of 4.5% implied by some analysts. Other big tech companies like Apple (AAPL), Microsoft (MSFT), Google (GOOGL), and Facebook (FB) are also reporting their earnings next week. The market is expecting a huge earnings week with many big-name companies releasing their financial results. Amazon's earnings report is highly anticipated, and its stock price has been trading at a high level, with some analysts expecting it to continue to perform well.

Keywords: 
- AMZN
- Earnings
- Apple (AAPL)
- Microsoft (MSFT)
- Google (GOOGL)
- Facebook (FB)
- Stocks
- Wall Street
- Earnings report
- Blockchain
- Digital currency
- Rivian
- Amazon

2021-07-25
Summary: 
The news data contains information about upcoming earnings reports and stock prices of various companies, including AMZN. Some of the key points extracted from the news data are:

* $AMZN is mentioned as one of the companies with upcoming earnings reports, along with $AAPL, $TSLA, $MSFT, $FB, and others.
* There are rumors about $AMZN accepting Bitcoin and other cryptocurrencies as a form of payment.
* Some analysts are predicting significant earnings growth for $AMZN and other companies, with implied option moves of up to 7.3% for $TSLA and 5.7% for $FB.
* There are also mentions of other companies, such as $NVDA, $ROKU, and $PLTR, which are expected to report earnings or have significant price movements.

Keywords: $AMZN, $AAPL, $TSLA, $MSFT, $FB, Bitcoin, Earnings, Stock prices, Implied option moves, Cryptocurrencies, $NVDA, $ROKU, $PLTR.",Positive
2,AMZN,2021-08-23,"2021-08-18
Summary: 
Amazon (AMZN) stock is being discussed among traders and investors due to its recent performance and potential future growth. Some are optimistic about its potential, while others are cautious. The stock has been consolidating in a specific range for over a year and is waiting for a break to see further growth. Analysts have a ""buy"" rating on the stock, and it is considered a long-term winner. However, some are concerned about the potential for a market crash.

Keywords: AMZN, Amazon, stock, trading, investment, market, growth, consolidation, buy, rating, crash.

Note: The provided text is a collection of tweets and news articles, which may contain noise and irrelevant information. The extracted summary and keywords are based on the relevant information found in the text.

2021-08-19
Summary: 
Amazon plans to open large retail locations in the United States that will operate like department stores. The company is reportedly planning to open physical stores in various locations, including Ohio. Despite a recent decline in value, Amazon's stock has been a long-term winner, with a 1,561% increase in value over the past 10 years. However, some analysts have expressed concerns about the company's valuation, with one analyst stating that Amazon is overvalued by 1,257% compared to its intrinsic value.

Keywords: 
- Amazon
- AMZN
- Department stores
- Retail locations
- Physical stores
- Stock market
- Investment
- Valuation
- Intrinsic value
- $AMZN
- $AAPL
- $GOOGL
- $TSLA
- $NVDA
- $MSFT
- $FB
- $NFLX
- $PLTR
- $BABA
- $WISH
- $HOOD
- $GME
- $TSLA
- $AAPL
- $AMC
- $SPY
- $QQQ
- $DIA
- $DJIA
- $ES=F
- $YM=F
- $NQ=F
- $VIX
- $VXX
- $RSLS
- $UVXY
- $DLO
- $CL=F
- $SGOC
- $MC.PA
- $9988.HK
- $AZRX
- $TPR
- $CHRS
- $^FTSE
- $RTY=F
- $BZUN

2021-08-20
Summary: 
Amazon (AMZN) stock has been experiencing fluctuations in trading, with some analysts predicting a bearish trend. There are reports of Amazon planning to open large physical retail stores in the US, which could potentially impact the company's stock price. Additionally, there are mentions of Amazon's rivalry with other tech giants, including Microsoft (MSFT) and Tesla (TSLA). Some analysts are predicting a potential rebound in Amazon's stock price, while others are warning of a continued bearish trend.

Keywords: 
- AMZN (Amazon)
- MSFT (Microsoft)
- TSLA (Tesla)
- Retail stores
- Physical stores
- Tech giants
- Stock market
- Bearish trend
- Bullish trend
- Rebound
- Rivalry
- Investing
- Stock price
- Market analysis
- Trading

2021-08-21
Summary: 
The news extracted from the web page HTML is related to various stocks, but the primary focus is on Amazon (AMZN) stock. The news suggests that Amazon is expected to be stronger in the long term, with some analysts predicting it to become a $2 trillion or $3 trillion company. The stock price of Amazon is also mentioned in several tweets, with some showing a slight increase in price. There is no specific news about Amazon's performance in the short term.

Keywords: AMZN, Amazon, stock, stock market, prediction, Berkshire Hathaway, AWS, FAANGM, Tesla, Bitcoin.

Note: The news is quite noisy and contains unrelated information, but the primary focus is on Amazon stock.

2021-08-22
Summary: 
The news articles are related to stock market and finance, particularly focusing on the stocks of $AMZN (Amazon), $TSLA (Tesla), $MSFT (Microsoft), $AAPL (Apple), and other major tech companies. The news includes market trends, stock prices, and trading ideas. Some articles discuss the future potential of Amazon, with some analysts predicting it could reach a market cap of $3 trillion. Other articles discuss the performance of other companies, such as Tesla and Microsoft, and provide trading ideas and stock analysis.

Keywords: 
$AMZN, $TSLA, $MSFT, $AAPL, $AAPL, $GOOG, $FB, $NFLX, $NVDA, $BABA, $BTC, $ETH, $WISH, $SPY, $QQQ, $ROKU, $F, $GOOGL, $GME, $PLTR, $PLUG, $CCTV, $DOGE, $BAC, $FCEL, $ZOM, $MU, $ACB, $WMT, $GNUS, $INO, $XRP, $INTC, $XRP, $SPCE, $JPM, $SEC, $MRNA, $NIO, $PTON, $COIN, $DIS, $ENPH, $PFE, $CLOV, $CRWD, $RBLX, $VZ, $VIAC, $TME, $NBRV, $ORPH, $EXPR, $TIGR, $ZS, $EYEN, $SAVA, $REGN, $HD, $MELI, $SHOP, $CRM, $HOOD, $LTC, $DAO, $SQ, $PINS, $RBLX, $VIAC, $TME, $NBRV, $ORPH, $EXPR, $TIGR, $ZS, $EYEN, $ZS, $DOGE, $BTC, $BTC.X, $ETH.X, $JPM, $SEC, $MRNA, $NIO, $PTON, $COIN, $DIS, $ENPH, $PFE, $CLOV, $CRWD, $RBLX, $VZ, $VIAC, $TME, $NBRV, $ORPH, $EXPR, $TIGR, $ZS, $EYEN, $SAVA, $REGN, $HD, $MELI, $SHOP, $CRM, $HOOD, $LTC, $DAO, $SQ, $PINS, $RBLX, $VIAC, $TME, $NBRV, $ORPH, $EXPR, $TIGR, $ZS, $EYEN, $ZS, $DOGE, $BTC, $BTC.X, $ETH.X.

N/A for other information.",Positive
3,AMZN,2021-10-06,"2021-10-01
Summary: 
The news extracted from the web page HTML is about various stocks and their performances, including Amazon (AMZN), Tesla (TSLA), NVIDIA (NVDA), Netflix (NFLX), and others. The news mentions the returns over the last 10 years for these stocks, with AMZN having a return of 2,337%. It also mentions the performance of AMZN in the weekly chart, with a support at 3265. The news also includes tweets about the market, with some users expressing bearish sentiments on the market due to the performance of AMZN.

Keywords: 
- AMZN
- TSLA
- NVDA
- NFLX
- Stock Market
- Returns
- Weekly Chart
- Support
- Bearish
- Bullish
- Market Cap
- Income

Relevant news about AMZN:
- RBC Capital initiated coverage on AMZN with an Outperform rating and a $4150 price target.
- Amazon Studios and Howard University launched the Howard Entertainment Program for the third consecutive year.
- AMZN has 4X the market cap of Alibaba (BABA).
- The performance of AMZN in the weekly chart, with a support at 3265.

Note that some of the tweets are noisy and do not provide relevant information about AMZN.

2021-10-02
**Summary:**
The news mentions Amazon (AMZN) stock in several contexts, including market updates, trading trends, and company performance. It reports that Amazon is 90% bullish on the darkpool, and its stock price is mentioned in various financial updates. There are also discussions about Amazon's valuation, with some analysts suggesting it is overvalued. Additionally, there are mentions of Amazon's business dealings, such as its investment in Rivian and its product line.

**Keywords:**
- AMZN (Amazon)
- Amazon
- Trading
- Stock market
- Valuation
- Investment
- Rivian
- Bezos
- Darkpool
- Market trends
- Financial updates

2021-10-03
Summary: 
The news extracted from the web page HTML is a collection of stock market updates, trending stocks, and analysis of various companies, including Amazon (AMZN). Some of the news articles mention Amazon's stock performance, its competitors, and its cloud services. However, there is no specific news about Amazon's financial performance or any significant events related to the company.

Keywords: 
- $AMZN (Amazon)
- AWS (Amazon Web Services)
- $TSLA (Tesla)
- $MSFT (Microsoft)
- $GOOG (Google)
- $AAPL (Apple)
- $FB (Facebook)
- $NVDA (NVIDIA)
- $ROKU (Roku)
- $SPY (SPDR S&P 500 ETF Trust)
- $GME (GameStop)
- $CEI (no information available)
- $FCEL (FuelCell Energy)
- $MRNA (Moderna)
- $NIO (NIO Inc.)
- $MARA (Marathon Digital Holdings)
- $RIOT (Riot Blockchain)
- $ZOM (no information available)
- $LCID (Lordstown Motors)
- $HCMC (no information available)
- $BABA (Alibaba Group)
- $SQ (Square)
- $SHOP (Shopify)
- $QQQ (Invesco QQQ ETF)
- $ELON (no information available)
- $GT (no information available)
- $DOGE (Dogecoin)
- $SHIB (Shiba Inu)
- $XLM (Stellar)
- $LTC (Litecoin)
- $LINK (Chainlink)
- $ETH (Ethereum)
- $BNB (Binance Coin)
- $ADA (Cardano)
- $ETC (Ethereum Classic)
- $XMR (Monero)
- $NEO (NEO)
- $MATIC (Polygon)
- $DASH (Dash)
- $BTT (BitTorrent)
- $ZEC (Zcash)
- $QTUM (Qtum)
- $MANA (Decentraland)
- $BTG (Bitcoin Gold)
- $SC (Super Zero)
- $GRT (The Graph)
- $XVS (Threshold)
- $CELO (Celo)
- $IOST (IOST)
- $LSK (Lisk)
- $PYPL (PayPal)
- $FAMI (no information available)
- $UPX (no information available)
- $BTC (Bitcoin)
- $AAL (American Airlines)
- $MDLZ (Mondelēz International)
- $ESE (Enstar Group)
- $CCL (Carnival Corporation)
- $HTZ (Hertz Global Holdings)
- $GMBL (GameStop)
- $OXY (Occidental Petroleum)
- $CSTM (Costco Wholesale)
- $SPIR (Spirit Airlines)
- $MVST (Mast)
- $WFC (Wells Fargo)
- $PETS (PetMed Express)
- $ACB (Aurora Cannabis)
- $MRK (Merck & Co.)
- $AAPL (Apple)
- $NFLX (Netflix)
- $AAL (American Airlines)
- $FCEL (FuelCell Energy)
- $LCID (Lordstown Motors)
- $AMC (AMC Entertainment)
- $LCID (Lordstown Motors)
- $HCMC (HCMC)
- $LCID (Lordstown Motors)
- $SPCE (Virgin Galactic)
- $SQ (Square)
- $PYPL (PayPal)
- $GME (GameStop)
- $AMC (AMC Entertainment)
- $IOST (IOST)
- $LSK (Lisk)
- $ELON (no information available)
- $GT (no information available)
- $DOGE (Dogecoin)
- $SHIB (Shiba Inu)
- $XLM (Stellar)
- $LTC (Litecoin)
- $LINK (Chainlink)
- $ETH (Ethereum)
- $BNB (Binance Coin)
- $ADA (Cardano)
- $ETC (Ethereum Classic)
- $XMR (Monero)
- $NEO (NEO)
- $MATIC (Polygon)
- $DASH (Dash)
- $BTT (BitTorrent)
- $ZEC (Zcash)
- $QTUM (Qtum)
- $MANA (Decentraland)
- $BTG (Bitcoin Gold)
- $SC (Super Zero)
- $GRT (The Graph)
- $XVS (Threshold)
- $CELO (Celo)
- $LCID (Lordstown Motors)
- $AMZN (Amazon)
- $TSLA (Tesla)
- $AAPL (Apple)
- $SPY (SPDR S&P 500 ETF Trust

2021-10-04
Summary: 
AMZN (Amazon) stock has been experiencing significant fluctuations in the past few days. The stock has dropped 2.5% and 2.82% in the last two days, according to some reports. There are various opinions and predictions about the stock's performance, with some analysts suggesting that it may bounce back from its current lows. Some investors are optimistic about Amazon's potential for growth, citing its cashierless stores and disruption of the grocery store business. However, others are concerned about the stock's overvaluation and potential for a market crash.

Keywords: 
- $AMZN
- Amazon
- Stock market
- Fluctuations
- FAANG stocks
- Cashierless stores
- Grocery store business
- Market crash
- Overvaluation
- Market bounce
- Bullish and bearish predictions
- Investment
- Trading
- Wall street bets
- Sentiment analysis
- Market trends
- IPO
- Initial public offering

Note: Some of the tweets are not directly related to the stock market or AMZN, and are therefore not included in the summary or keywords.

2021-10-05
Summary: Amazon (AMZN) stock is expected to experience a break of its August 2021 low, with a possible probability of a short sell. Some analysts are cautious about the e-commerce giant's performance for the rest of 2021, while others see it as a potential long-term opportunity. Amazon is also working on a smart refrigerator and has been mentioned as a possible beneficiary of cannabis legalization. The company's stock price has been affected by various market trends and analyst opinions, with some predicting a correction in the tech sector. Overall, the news suggests that Amazon's stock is in a volatile state, with both positive and negative sentiment expressed by analysts and traders.

Keywords: AMZN, Amazon, FAANG, e-commerce, stock market, stock price, Wall Street, trading, finance, investing, tech sector, cannabis legalization, smart refrigerator.",Positive
4,AMZN,2021-10-15,"2021-10-10
Summary: 
AMZN stock has been mentioned in several tweets as part of the top trending stocks or as part of a list of stocks. There is no clear indication of a significant price movement or event related to AMZN stock. However, the stock is mentioned as part of a robot-run large cap ETF that has shed Facebook stake and holds Tesla, Apple, and Amazon among its top holdings.

Keywords: AMZN, $AMZN, Amazon, Tesla, Apple, Facebook, ETF, stock market, trading, investing, cryptocurrency, fintwit, wallstreetbets, stocks, wall street, trading idea, day trade, put, call, Elon Musk, Bitcoin, Shiba Inu, DOGE, Dogecoin, NFTs, opportunity, profit, investment.

2021-10-11
Summary: 
The news is about AMZN (Amazon stock) being in a middle area between the July peak and August low, and a break of the August 2021 low is probable. There are discussions about trading and investing in AMZN, including options trading and swing trading at extreme blue box areas. There is also news about Amazon's work-from-home policy, with the company allowing employees to work from home for the foreseeable future.

Keywords: 
- $AMZN (Amazon stock)
- Elliott wave
- Trading
- Swing trading
- Options trading
- Work-from-home policy
- Amazon
- Stocks
- Market

Note: The news is quite noisy and contains various unrelated information, but the above summary and keywords are the most relevant to the topic of AMZN stock.

2021-10-12
Summary: 
Amazon's stock price has been mentioned in various contexts, including its valuation, revenue, and return-to-work policy. The company has launched a Prime service in Poland. There are also mentions of Amazon's market performance, with some analysts predicting a potential increase in its stock price.

Keywords: 
- $AMZN (Amazon)
- $AAPL (Apple)
- $FB (Facebook)
- $TSLA (Tesla)
- $GOOGL (Alphabet)
- $MSFT (Microsoft)
- $NVDA (NVIDIA)
- $NFLX (Netflix)
- Prime
- Poland
- return-to-work policy

2021-10-13
Summary: 
Amazon's stock (AMZN) is in the news due to allegations that the company copied products and rigged search results to promote its own brands, according to documents shown by Reuters. This has sparked concerns about the company's business practices. The stock price of AMZN has been fluctuating, with some analysts predicting a potential crash.

Keywords: 
- AMZN (Amazon stock)
- Product copying
- Search result rigging
- Business practices
- Stock price fluctuation
- Crash prediction

Note: The news data is noisy and contains various unrelated information, but the above summary and keywords are extracted based on the relevant information related to AMZN stock.

2021-10-14
Summary: Amazon stock ($AMZN) is expected to have a good run before its earnings announcement at the end of October. There are various news and opinions about Amazon's performance, including a possible triple threat and a potential breakout. Some analysts are positive about Amazon's future, while others are concerned about the company's competitive practices.

Keywords: $AMZN, $AAPL, $TSLA, $NVDA, $GOOGL, $MSFT, $FB, $NFLX, earnings, stock market, stock price, Amazon, Apple, Tesla, NVIDIA, Google, Microsoft, Facebook, Netflix.

Note: The news is noisy and some of the information is not relevant to Amazon stock. The summary and keywords are based on the most relevant information extracted from the news.",Positive
5,BABA,2021-05-17,"2021-05-12
Summary: Alibaba Group's (BABA) stock performance and earnings preview for Q4 2021 are being discussed among investors and analysts. Some analysts believe that the company's fundamentals are strong, with growing market, sales, and products/services, but there are concerns about the government-company relationship. There are also discussions about the stock's valuation, with some analysts considering it overvalued. Additionally, there are trade ideas and market analysis for BABA stock.

Keywords: Alibaba Group, BABA, stock performance, earnings, Q4 2021, fundamentals, valuation, government relationship, trade ideas, market analysis.

Note: The news is noisy and contains many irrelevant information, but the above summary and keywords are extracted from the relevant parts of the text.

2021-05-13
Summary: Alibaba Group, the parent company of Alibaba, reported its quarterly earnings, which showed a 64% year-over-year revenue growth, but a net loss due to a $2.8 billion antitrust fine. The company guided for 30% revenue growth in fiscal year 2022. The stock price was down 3% after the announcement.

Keywords: Alibaba, $BABA, earnings, revenue growth, antitrust fine, stock price, Jack Ma, SoftBank, MSCI, Hong Kong shares, U.S. shares.

Note: Some of the noisy text was removed from the analysis, and the relevant information was extracted.

2021-05-14
**Summary:**
Alibaba's ($BABA) stock has been trending due to its recent financial results, which were considered decent, despite some concerns about Chinese regulation overhang. Analysts are optimistic about the company's growth prospects, with some even comparing it to Amazon ($AMZN). However, the stock has faced some volatility, with some days seeing significant price movements. There are also rumors of potential buyouts and interest from investors, such as Mohnish Pabrai and Charlie Munger.

**Keywords:**
- Alibaba ($BABA)
- Chinese regulation
- Growth prospects
- Amazon ($AMZN)
- Stock volatility
- Buyouts
- Mohnish Pabrai
- Charlie Munger

**Note:** The news articles extracted from the web page HTML are quite noisy and contain various unrelated information, but the above summary and keywords are based on the most relevant and coherent information extracted from the text.

2021-05-15
Summary: 
BABA (Alibaba Group) stock is mentioned as a potential investment opportunity by several users, including Six Sigma Capital's Munger and Pabrai, who invested $39 million in the company. Some users also mention the delisting risk of BABA, but experts like Ray Dalio and Munger have analyzed this risk. One user also shares a list of trending stocks among elite traders, with BABA ranking 8th.

Keywords: BABA, Six Sigma Capital, Pabrai, Ray Dalio, Munger, Alibaba Group, $FB, $TSLA, $AAPL, $AMZN, $NFLX, $ROKU, $GOOGL, $ADBE, $NVDA, $TCEHY

2021-05-16
Summary: Alibaba Group Holding Limited (BABA) has been performing poorly over the last 7 months, losing 36% of its value. It is currently trading near the 0.618 retracement level from its previous massive run. Some analysts view the company as undervalued, while others have expressed concerns about its weak earnings and slow growth. The stock has been trending among elite traders and has been mentioned in various financial discussions.

Keywords: Alibaba Group Holding Limited, BABA, stock performance, stock price, earnings, growth, undervalued, trading, finance.",Positive
6,BABA,2021-07-26,"2021-07-21
Summary: 
Alibaba's (BABA) stock has been mentioned in various contexts, including its long position in Xpeng (XPEV) and its overvaluation compared to Warren Buffett's intrinsic value formula. There are also mentions of unusual options activity and a bearish reversal in BABA's stock price. Additionally, BABA has been compared to other companies in the tech industry, such as Amazon (AMZN) and Microsoft (MSFT), and has been mentioned as a potential threat to PDD (Pinduoduo).

Keywords: 
- $BABA (Alibaba)
- XPEV (Xpeng)
- $AMZN (Amazon)
- $MSFT (Microsoft)
- $PDD (Pinduoduo)
- Options activity
- Unusual options
- Bearish reversal
- Intrinsic value
- Warren Buffett
- Tech industry
- Stock market
- Investing
- Options trading
- Stock prices

2021-07-22
Summary: 
The news is related to the stock BABA (Alibaba Group). There are various discussions and opinions about the stock's performance, potential price movements, and market trends. Some analysts and traders are optimistic about the stock's future, while others are more cautious. There are also discussions about the company's leadership, such as Jack Ma, and the stock's options activity.

Keywords: BABA, Alibaba Group, Stock, Options, Trading, Market, Analysis, Jack Ma, IPO, Options activity, Stock performance, Price movement.

Note: The news data is quite noisy and contains a lot of irrelevant information, such as Twitter handles and links, which are not included in the summary.

2021-07-23
Summary: 
There is a significant discussion about Alibaba (BABA) stock in the financial market, particularly regarding its performance and potential impact of the Chinese government's actions on American companies. Some users are expressing concerns about the Chinese government's influence on the market and its potential to affect the value of BABA stock. Others are discussing the company's growth and its potential to continue performing well despite the current market conditions.

Keywords: 
- BABA
- Alibaba
- Chinese government
- Stock market
- Financial market
- E-commerce
- China
- US
- Companies
- Government regulations
- Crackdown
- Education stocks
- Technology stocks
- IPO
- Unicorn

Note: The keywords are extracted from the text and may not be comprehensive, but they capture the main topics and themes discussed in the news.

2021-07-24
Summary: 
The news about BABA (Alibaba Group) stock is mixed, with some users expressing optimism about the company's long-term prospects, while others are bearish due to regulatory issues and market volatility. Some users are holding onto their BABA shares, hoping for a rebound, while others are advising against investing in Chinese stocks due to the current market conditions.

Keywords: BABA, Alibaba Group, China, regulations, volatility, market conditions, long-term prospects, bearish, bullish, stock market, investing.

Note: The news is noisy and includes various unrelated information, but the main focus is on the performance and prospects of BABA stock.

2021-07-25
Summary: The news mentions various stocks, but primarily focuses on the decline of Chinese stocks, specifically Alibaba ($BABA), and its impact on US investors. The news also mentions other Chinese stocks such as DIDI, JD, and TME. There are also mentions of other stocks such as TAL, TSLA, and GOOGL. The overall tone is negative towards Chinese stocks, with some users suggesting a potential crash or decline in value.

Keywords: $BABA, Chinese stocks, decline, crash, Alibaba, US investors, DIDI, JD, TME, TAL, TSLA, GOOGL.

Note: The news text is noisy and contains various unrelated information, but the extracted keywords are relevant to the topic of BABA stock.",Negative
7,BABA,2021-08-23,"2021-08-18
Summary: Alibaba Group Holding Limited (BABA) stock is experiencing a downward trend, but some analysts believe it may experience a rebound soon. The Chinese government's scrutiny and competition rules for tech companies are affecting the stock price. Despite this, some investors remain optimistic about the company's long-term prospects.

Keywords: BABA, Alibaba Group Holding Limited, stock price, China, government scrutiny, competition rules, rebound, long-term prospects.

Note: The news data is quite noisy and contains a lot of irrelevant information, but the above summary and keywords are extracted from the relevant parts of the data.

2021-08-19
Summary: 
Alibaba's stock (BABA) has been experiencing significant fluctuations in recent times. Some investors have expressed concerns about the company's performance, citing its ties to the Chinese government and the impact of the country's regulatory policies. There have been mentions of share buybacks and the potential for a bounce in the stock price. However, the overall sentiment seems to be bearish, with many investors predicting a further decline in the stock price. The stock has been trading below its 21-day moving average for the entire year, and some analysts have pointed out that it is oversold.

Keywords: 
- Alibaba (BABA)
- Share buybacks
- Chinese government regulations
- Stock market volatility
- Oversold
- Short hedge funds
- SEC
- CCP (Chinese Communist Party)
- Share price fluctuations
- Stock market trends
- Investing
- Trading
- Options
- Stock analysis
- Market outlook

Note: The news data is quite noisy and contains a lot of irrelevant information, but the above summary and keywords should give a general idea of the sentiment and topics related to Alibaba's stock (BABA) in the provided news data.

2021-08-20
Summary: 
BABA (Alibaba Group Holding Limited) stock has been experiencing fluctuations in recent times due to various factors. The company's stock price has dropped by 30% in the past, making it a cheaper option for investors. However, some analysts believe that investing in BABA is not a good idea, citing the company's involvement with the Chinese government, which may pose a risk to its business operations. On the other hand, some investors are optimistic about the company's potential, citing its strong brand and market presence. There are also rumors about the company's potential to bounce back from its current low.

Some investors are also discussing the company's options, with some calling for a ""buy the dip"" strategy, while others are cautioning against it. The company's stock price has been fluctuating, with some days seeing significant gains and others seeing significant losses. The company's stock price has also been affected by the overall market trend, with some days seeing significant gains and others seeing significant losses.

Overall, the sentiment around BABA stock is mixed, with some investors optimistic about its potential and others cautious about its risks.

Keywords: 
- Alibaba Group Holding Limited
- BABA
- Stock market
- China
- Government involvement
- Investment
- Options trading
- Buy the dip
- Stock price fluctuations
- Market trend
- Sentiment analysis
- WallStreetBets
- Fintwit
- Trading
- Investing
- Stocks
- Options
- Alibaba
- BIDU
- JD
- TCEHY

Note: The sentiment analysis is based on the given text data and may not reflect the actual market sentiment.

2021-08-21
Summary: 
Alibaba Group (BABA) stock is experiencing a volatile period with multiple tweets mentioning its recent performance, with some analysts warning of a possible bounce or a long-term bull case, while others express concerns about the company's connection with the Chinese government and its potential impact on the stock. Some tweets mention Alibaba's significant drop in value since its peak in 2020 and its current oversold status.

Keywords: 
- BABA
- Alibaba
- China
- Communist Party
- Government
- Stock market
- Investing
- Stocks
- Trading
- Options
- China stocks
- Value plays
- Bull case
- Bearish
- Oversold
- Bounce
- Risk
- Investing
- Stocks

2021-08-22
Summary: Alibaba Group Holding Limited (BABA) stock has been mentioned in various news and tweets, with some discussing its price performance, valuation, and comparison with Amazon (AMZN). The stock has experienced significant fluctuations, with some analysts suggesting it may be a good value play or a potential bounce-back opportunity. However, others have expressed concerns about the Chinese market and the company's prospects. The stock has been affected by the ongoing COVID-19 pandemic and the regulatory crackdown on the tech sector in China.

Keywords: Alibaba, BABA, stock, Amazon, China, valuation, valuation ratio, COVID-19, pandemic, regulatory crackdown, tech sector, e-commerce, international business.

Note: Some of the noisy text has been ignored in the summary and keyword extraction, as it did not contain relevant information about the stock.",Positive
8,BABA,2021-10-06,"2021-10-01
**Summary:**
Alibaba Group (BABA) stock has been a topic of discussion among investors and traders, with various opinions and predictions about its future performance. Some analysts believe that BABA has considerable upside potential despite a recent price target cut, while others are concerned about the regulatory risks and the potential impact on the company's growth. The stock has experienced significant price fluctuations, with some predicting a major level at $100. Traders are also discussing BABA's technical analysis, including its Fibonacci levels and moving averages.

**Keywords:**
- Alibaba Group (BABA)
- Stock market
- Investment
- Trading
- Regulation
- Technical analysis
- Fibonacci levels
- Moving averages
- Stock price
- BABA's intrinsic value
- ROI (Return on Investment)
- Wall Street Bets (WSB)
- Sentiment analysis

**Notable points:**

- Analysts see considerable upside potential in BABA despite a recent price target cut.
- Regulatory risks are a concern for BABA's growth.
- Traders are discussing BABA's technical analysis, including Fibonacci levels and moving averages.
- BABA's intrinsic value is estimated to be $793.50, with a potential ROI of +439.79%.
- BABA has a significant income of $22 billion, compared to other companies like Walmart ($10 billion) and NVIDIA ($7 billion).
- Traders are discussing BABA's stock price fluctuations and potential major levels, including $100.
- BABA is a topic of discussion on Wall Street Bets (WSB) and other online trading communities.

2021-10-02
Summary: 
Alibaba Group (BABA) is expected to be a major player in the market in the long term, with China's economic growth and large population driving its success. The company has a strong track record of innovation and has been praised by its former CEO Jack Ma. Analysts are positive about the company's fundamentals and technical indicators, recommending it as a buy. However, the current market trends and overall market conditions are not explicitly mentioned in the provided news snippets.

Keywords: Alibaba Group, BABA, Jack Ma, China, Economic growth, Innovation, CEO, Daniel Zhang, AI, Fundamental indicators, Technical indicators, Sentiment indicators, Buy recommendation.

Note: The provided news snippets are noisy and contain irrelevant information such as links, hashtags, and unrelated tweets. The summary and keywords are based on the relevant information extracted from the text.

2021-10-03
Summary: 
The news is about various stocks and their performance, but the most relevant information for BABA stock is that it is recommended to buy, with a high AI score, and it is among the top 5 trending stocks in the last 4 hours. There is also a mention of its performance in the #PERP futures and USD stocks, but the data is not clear.

Keywords: $BABA, Alibaba, buy, AI Score, stock, #PERP futures, USD stocks, #redditarmy, trending stocks, AI, performance.

Note: There is no clear information about the stock price or any specific financial data for BABA stock in the given news.

2021-10-04
Summary: 
The news articles and social media posts are discussing various stocks, but the primary focus is on $BABA (Alibaba Group). The company's stock price is mentioned to be experiencing a decline, with some analysts maintaining a buy rating and setting a price target of $330. There are also mentions of other stocks such as $TSLA (Tesla), $AAPL (Apple), $FB (Facebook), and $SPY (S&P 500 index), but $BABA is the central theme. Some posts are discussing the company's performance in relation to its competitors, such as $BIDU (Baidu) and $JD (JD.com). There are also mentions of market sentiment, option volumes, and trading alerts.

Keywords: 
- $BABA (Alibaba Group)
- $TSLA (Tesla)
- $AAPL (Apple)
- $FB (Facebook)
- $SPY (S&P 500 index)
- $BIDU (Baidu)
- $JD (JD.com)
- $WISH (Wish)
- $PLTR (Palantir)
- $ROKU (Roku)
- Alibaba
- stock market
- stock prices
- trading
- investing
- Wall Street
- Reddit
- Discord
- Twitter
- stocks
- stock market news
- market sentiment
- option volumes
- trading alerts

2021-10-05
Summary: 
Charlie Munger, a well-known investor, has been increasing his position in Alibaba ($BABA). He has doubled his investment in the company, which is currently trading at a market cap of over $400 billion. This is the cheapest it has been in 4 years. Despite the regulatory crackdown in China, Munger remains bullish on the company.

Keywords: 
- $BABA
- Charlie Munger
- Alibaba
- Market cap
- Regulatory crackdown
- China
- Investment
- Stock

Note: The news is mostly focused on Charlie Munger's investment in Alibaba ($BABA) and the company's performance. The regulatory crackdown in China is also mentioned as a relevant factor affecting the stock.",Positive
9,BABA,2021-10-15,"2021-10-10
Summary: 
The news mentions Alibaba (BABA) stock several times, with various opinions and updates about its performance and potential. Some users discuss its re-rating and normalization, while others mention its buy recommendation, accounting irregularities, and significant price swings. There is also a mention of a watchlist and unusual activity in BABA options.

Keywords: 
- Alibaba (BABA)
- Stock market
- Investing
- Stocks
- Wall Street
- China
- US-China relations
- Accounting irregularities
- Options trading
- Block trade
- Unusual activity
- Buy recommendation
- Watchlist

Note: The news data is noisy due to HTML extraction, but the above summary and keywords are the most relevant information extracted.

2021-10-11
Summary: 
BABA (Alibaba Group Holding Limited) stock has been experiencing fluctuations in its price, with some articles suggesting it may be the biggest disappointment of the class of 2014. However, other articles indicate that the stock is rebounding, with Alibaba Group Holding-backed Ant Group securing approval to boost its registered capital to $5.4 billion, causing the stock to surge 8% in Hong Kong. Additionally, some articles mention the stock's potential for growth, with one analyst suggesting it may be a good time to buy the stock.

Keywords: BABA, Alibaba Group Holding Limited, stock market, investment, financial news, stock price, Ant Group, China, Hong Kong.

Relevant information extracted from the news:

- BABA gapping up in the PM, with resistance at 172, 178, and support at 163, 156.
- Alibaba Group Holding-backed Ant Group secures approval to boost its registered capital to $5.4 billion, causing the stock to surge 8% in Hong Kong.
- BABA rebounding, with shares up 31% over the last week on the HK exchange.
- BABA is the most mentioned ticker on WSB (Wall Street Bets), with some analysts suggesting it may be a good time to buy the stock.
- BABA has a high retail popularity rank of #4, with shares about +23% from Oct lows.
- BABA has a high call to put ratio, with 72% of options being calls.
- BABA has a high trading volume, with 540k options traded in Monday's option volumes.
- BABA has a high delta impact, with a delta of 0.73.
- BABA has a high premium flow, with a premium flow of 1.02.

Note: The information extracted is based on the provided news articles and may not be a comprehensive analysis of the stock.

2021-10-12
Summary: Alibaba Group, the parent company of BABA, has been making headlines due to its founder Jack Ma's reappearance in Hong Kong, after being largely out of view since a regulatory crackdown in China. Alibaba shares have been rebounding, but there are concerns about the company's performance and the impact of the regulatory environment.

Keywords: Alibaba, BABA, Jack Ma, Hong Kong, regulatory crackdown, stock market, stock prices, investing.

2021-10-13
Summary: 
Alibaba's stock ($BABA) has been experiencing significant activity and discussion on social media and financial platforms. The stock has bounced back after hitting recent lows, with some investors predicting a potential pullback if the 50-day moving average holds resistance. There are various opinions on the stock's value, with some analysts suggesting it is overvalued while others remain bullish. The stock has seen increased trading activity, with a significant number of call options being traded.

Keywords: $BABA, Alibaba, stock market, options trading, sentiment analysis, stock price, technical analysis, overvaluation, sentiment indicators, trading activity, call options, financial news, WallStreetBets, FANG stocks, stock prediction, stock market news.

Note: The news is quite noisy and includes various unrelated information, but the summary focuses on the information related to Alibaba's stock ($BABA).

2021-10-14
Summary: 
The news articles and tweets extracted from the web page HTML contain various mentions of stocks, including BABA, but the relevant information for BABA stock is limited. However, there are a few points that might be of interest:

- BABA is among the top 5 most mentioned tickers on Reddit's WallStreetBets in the last hour, with 5 mentions.
- Congressman Langevin is mentioned as an exceptional options trader who bought BABA calls in 2019 right before a Chinese trade deal.
- BABA is listed as one of the top 5 bullish trend stocks on the FTX platform, along with other popular stocks like SPY, NFLX, and NIO.
- BABA is mentioned as a stock that has seen an unusual options activity, with 1,900 contracts traded and a trade volume of $1,111,500.

Keywords: 
- BABA
- Stock market
- Options trading
- FTX
- Reddit
- WallStreetBets
- Unusual options activity
- Congressman Langevin
- Chinese trade deal

Note that the relevant information for BABA stock is limited and mostly related to its unusual options activity and mentions on social media and financial platforms.",Positive
